{"titre":"Culture générale","data":[{"question":"Quel film à succès a réuni sur les écrans Sean Connery et Christophe Lambert ?","reponses":["Highlander","Greystoke","Subway","Mad Max"]},{"question":"Quel pays, dont les premiers habitants étaient des Newars, a pour capitale Katmandou ?","reponses":["Népal","Tibet","Pakistan","Corée du Nord"]},{"question":"Dans quel film John Travolta incarne-t-il un ange tombé du ciel ?","reponses":["Michael","Johnny","Sam","Jerry"]},{"question":"Pour quel auteur-compositeur-interprète français aux 40 millions de disques vendus Capri est-il fini ?","reponses":["Hervé Vilard","Charles Aznavour","Salvatore Adamo","Serge Lama"]},{"question":"Quel peintre, né en 1844, est également appelé par beaucoup « le Douanier » ?","reponses":["Henri Rousseau","Salvador Dali","Pablo Picasso","Edgar Degas"]},{"question":"Quel personnage imaginaire fut popularisé par le roman de E.R. Burroughs et par le cinéma ?","reponses":["Tarzan","Nessie","King-Kong","Le Yéti"]},{"question":"Quelle est la seule valeur à la roulette à porter la couleur verte ?","reponses":["Le zéro","Le quarante","Le cinquante","Le treize"]},{"question":"Quelle est la race du chien de Columbo, l'inspecteur très obstiné et perspicace de la télévision ?","reponses":["Basset","Barbet","Beagle","Bichon"]},{"question":"Quelle est la plus petite unité de mémoire utilisable sur un ordinateur ?","reponses":["Bit","Méga","Giga","Byte"]},{"question":"Dans le langage familier, comment appelle-t-on la dent du petit enfant ?","reponses":["Quenotte","Bouillotte","Menotte","Marmotte"]},{"question":"Où se situe la célèbre base navale américaine de Guantanamo, réputée pour sa sévérité ?","reponses":["Cuba","Paraguay","Hawaii","Mexique"]},{"question":"Quelle est la spécialité du sportif tunisien Oussama Mellouli ?","reponses":["Natation","Marathon","Boxe","Football"]},{"question":"Quel acteur français a remporté le premier rôle dans le film 'Le Guépard' ?","reponses":["Alain Delon","Jean-Paul Belmondo","Jean Gabin","Claude Brasseur"]},{"question":"Qui était le compagnon de Paul de Tarse, désigné aussi sous le nom de saint Paul ?","reponses":["Saint Luc","Saint Marc","Saint Matthieu","Saint Jean"]},{"question":"Quel titre de noblesse est immédiatement inférieur à celui de comte ?","reponses":["Vicomte","Duc","Archiduc","Marquis"]},{"question":"Quelle est la capitale de la Nouvelle-Zélande, pays d'Océanie au sud-ouest de l'océan Pacifique ?","reponses":["Wellington","Auckland","Dublin","Sydney"]},{"question":"Quel film a réuni sur les écrans Isabelle Adjani et Sharon Stone ?","reponses":["Diabolique","Les sorcières","Ange et Démon","Les ensorceleuses"]},{"question":"Comment est également appelée la 'Transat Jacques Vabre' ?","reponses":["Route du café","Route du rhum","Vendée Globe","Trophée du rhum"]},{"question":"Quel oiseau vivant dans l'hémisphère nord nage le plus vite ?","reponses":["Pingouin","Pie","Martinet","Bécassine"]},{"question":"Quelle est la plus grosse des planètes de notre Système solaire ?","reponses":["Jupiter","Neptune","Saturne","Uranus"]},{"question":"Apparu il y a 450 millions d'années, à quelle classe animale le scorpion appartient-il ?","reponses":["Arachnides","Mammifères","Reptiles","Insectes"]},{"question":"Quel frère d'une actrice prénommée Mary a réalisé le film 'La fièvre du samedi soir' ?","reponses":["John Badham","John Remezick","John Payne","John Travolta"]},{"question":"Au Moyen Âge, comment appelait-on un village fortifié ?","reponses":["Bastide","Château fort","Rempart","Tour"]},{"question":"Quelle ville du Kent est célèbre pour sa source miraculeuse ?","reponses":["Tunbridge Wells","Gillingham","Dartford","Ramsgate"]},{"question":"Quel apéritif à base de vin est aromatisé avec des plantes amères et toniques ?","reponses":["Vermouth","Gentiane","Kokebok","Piccolo"]},{"question":"À quel écrivain, membre de l'Académie française, doit-on le roman intitulé 'Le sagouin' ?","reponses":["Mauriac","Barjavel","Camus","Giono"]},{"question":"Quel président Français trouva la mort dans une situation « inhabituelle » ?","reponses":["Félix Faure","Georges Pompidou","René Coty","Raymond Poincaré"]},{"question":"Comment appelle-t-on le versant de la montagne non situé au soleil ?","reponses":["Ubac","Ressac","Étant","Adret"]},{"question":"Quel oiseau palmipède a pour particularité de construire un nid flottant ?","reponses":["Grèbe","Grèle","Grène","Grève"]},{"question":"Un bédane, qui doit son nom à sa ressemblance avec un bec de canard, est un outil proche du...","reponses":["Ciseau à bois","Vilebrequin","Maillet","Rabot"]}]}