{"titre":"Marques, logos et slogans","data":[{"question":"De quelle filiale du groupe Nestlé George Clooney est-il devenu le séduisant ambassadeur ?","reponses":["Nespresso","Ricoré","Jacques Vabre","Carte Noire"]},{"question":"Quelle marque de jeans mondialement connue fabrique le célèbre 501 ?","reponses":["Levis","Diesel","Lee Cooper","C17"]},{"question":"Une marque de whisky écossais extrêmement populaire se nomme 'Johnnie...'","reponses":["Walker","Monster","Bunker","Parker"]},{"question":"Quelle marque vous invite à savourer « un café nommé désir » ?","reponses":["Carte Noire","Jacques Vabre","Nespresso","Ricoré"]},{"question":"Quelle marque vous garantit « le goût des choses simples » ?","reponses":["Herta","Maggi","Purina","Buitoni"]},{"question":"Quelle grande marque de matériel informatique a pour logo une pomme ?","reponses":["Apple","IBM","Dell","Acer"]},{"question":"Quelle enseigne vous invite à rester « tous unis contre la vie chère » ?","reponses":["Intermarché","Carrefour","Super U","Cora"]},{"question":"De quelle poudre chocolatée pourriez-vous avoir « une énorme envie » ?","reponses":["Nesquik","Milka","Ovomaltine","Banania"]},{"question":"« Secouez-moi, secouez-moi » a longtemps été le slogan de quelle grande marque ?","reponses":["Orangina","Coca-Cola","Pepsi","Schweppes"]},{"question":"Quel détaillant vous invite au « pays où la vie est moins chère » ?","reponses":["Conforama","Bricoman","Darty","Pixmania"]},{"question":"Quelle marque spécialisée en eaux minérales a pour logo un volcan de couleur verte ?","reponses":["Volvic","Evian","Henniez","Thonon"]},{"question":"Quel assureur européen, cinquième gestionnaire d'actifs au monde, est « avec vous de A à Z » ?","reponses":["Allianz","Generali","Axa","Aviva"]},{"question":"Quelle marque de parfum doit en partie sa célébrité à Marilyn Monroe ?","reponses":["Chanel","Lancôme","Gucci","Cacharel"]},{"question":"La Cayenne est un modèle de quelle marque automobile allemande ?","reponses":["Porsche","Audi","Volkswagen","Mercedes"]},{"question":"La publicité de quelle marque de chocolat a été inspirée par la couleur mauve ?","reponses":["Milka","Kwatta","Treets","Smarties"]},{"question":"Quelle entreprise française vous propose son « contrat de confiance » ?","reponses":["Darty","Free","Orange","Virgin"]},{"question":"Quel emblème est utilisé dans toutes les stations de la marque Shell ?","reponses":["Un coquillage jaune","Un soleil bleu","Un trèfle vert","Un lion rouge"]},{"question":"Par quoi est représenté le logo de la marque Adidas, spécialisée dans les articles de sport ?","reponses":["Trois bandes","Trois carrés","Trois cercles","Trois losanges"]},{"question":"Quel animal est représenté sur les vêtements de la marque Lacoste ?","reponses":["Un crocodile","Un chameau","Un taureau","Un ours"]},{"question":"Quelle bière belge utilise comme slogan « Les hommes savent pourquoi » ?","reponses":["Jupiler","Stella Artois","Maes","Gueuze"]},{"question":"Quel acteur a réalisé certaines publicités de la marque Orangina ?","reponses":["Alain Chabat","Gérard Jugnot","Michel Blanc","Thierry Lhermitte"]},{"question":"Créée en 1971, quelle est « la plus chaude des boissons froides » ?","reponses":["Gini","Schweppes","Canada Dry","Nestea"]},{"question":"Quelle chaîne de magasins française est un « agitateur de curiosité » ?","reponses":["Fnac","Sony","Virgin","HMV"]},{"question":"Quelle marque de café avait pour emblème un serveur noir avec un turban ?","reponses":["Négresco","Ricoré","Melita","Barista"]},{"question":"Quelle marque a fabriqué les premiers mouchoirs en papier jetables ?","reponses":["Kleenex","Lotus","Renova","Labell"]},{"question":"À quelle marque française de bière doit-on le slogan « Quatre chiffres. Une bière. » ?","reponses":["1664","1515","1789","1832"]},{"question":"Quelle marque de surf a été inspirée, pour son logo, par une estampe japonaise ?","reponses":["Quiksilver","Rusty","Oxbow","Rip Curl"]},{"question":"Quel gouverneur hollandais a donné son nom à des cigarettes blondes ?","reponses":["Pieter Stuyvesant","Pieter de Graeff","Pieter Codde","Pieter De Grebber"]},{"question":"Quel bouquet satellite vous propose « le meilleur du numérique » ?","reponses":["Canalsat","TPS","SFR","Bouygues"]},{"question":"Quelle compagnie aérienne « fait du ciel le plus bel endroit de la terre » ?","reponses":["Air France","Air Corsica","Airbus Transport","Twin Jet"]}]}