{"titre":"Personnages imaginaires","data":[{"question":"Qui est le héros principal du 'Livre de la jungle' de Rudyard Kipling ?","reponses":["Mowgli","Buldeo","Machua","Teddy"]},{"question":"Quel agent secret de l'Intelligence Service est repris dans de nombreux films ?","reponses":["James Bond","Sam Fisher","Jack Bauer","John Steed"]},{"question":"Quel marin imaginaire tire sa force des épinards en boîte ?","reponses":["Popeye","Barnaby","Sappo","Grimmy"]},{"question":"Quel magicien doué de métamorphose côtoie les chevaliers de la Table ronde ?","reponses":["Merlin","Panoramix","Zatanna","Voldemort"]},{"question":"Quelle marionnette en bois s'est un jour transformée en être humain ?","reponses":["Pinocchio","Arlequin","Malvira","Gnafron"]},{"question":"Quel personnage mythique s'introduit dans les maisons par la cheminée ?","reponses":["Le père Noël","Ganelon","Guillaume Tell","Belphégor"]},{"question":"Quel irréductible gaulois de la BD s'oppose aux armées romaines ?","reponses":["Astérix","Félix","Alix","Spirou"]},{"question":"Quel ami de Tintin a inventé un sous-marin en forme de requin ?","reponses":["Professeur Tournesol","Haddock","Nestor","Arumbayas"]},{"question":"Quel animal se sert de sa queue pour pêcher des piranhas dont il est friand ?","reponses":["Le marsupilami","Le fantasio","Le champignac","Le zorglub"]},{"question":"Quel personnage créé par Walt Disney parle avec une vois nasillarde ?","reponses":["Donald Duck","Dingo","Pluto","Figaro"]},{"question":"Quel pauvre bûcheron, un jour parti couper du bois, a pénétré dans la caverne des 40 voleurs ?","reponses":["Ali Baba","Fortunatus","Aladin","Barbe bleue"]},{"question":"Quel célèbre détective se cache souvent sous une apparence malhabile ?","reponses":["Columbo","Bayard","Japp","Duflair"]},{"question":"Quel commissaire de fiction, héros de romans policiers, fume souvent la pipe ?","reponses":["Maigret","Sam Spade","Simon Templar","Hercule Poirot"]},{"question":"Quel détective habile et orgueilleux a été créé par la romancière Agatha Christie ?","reponses":["Hercule Poirot","Adrian Monk","Sam Spade","Dick Tracy"]},{"question":"Quel archétype du gamin de Paris est un héros du roman 'Les Misérables' ?","reponses":["Gavroche","Javert","Azelma","Marius"]},{"question":"Quel héros porte le nom d'une pièce de Corneille représentée le 7 janvier 1637 au théâtre du Marais ?","reponses":["Le Cid","Hamlet","Macbeth","Le Lutrin"]},{"question":"Quelle jeune bonne à tout faire bretonne sert chez Madame de Bel-Air ?","reponses":["Bécassine","Célestine","Zanni","Mascarille"]},{"question":"Quel cow-boy solitaire est parfois accompagné d'un chien stupide ?","reponses":["Lucky Luke","Teddy Ted","Cotton Kid","Red Ryder"]},{"question":"Quel héros de BD empêche toujours par ses bourdes la signature de fructueux contrats ?","reponses":["Gaston Lagaffe","Papyrus","Gai-Luron","Cubitus"]},{"question":"Quel personnage abandonné par ses parents, difforme et sourd est sonneur de cloches ?","reponses":["Quasimodo","Leonardo","Frollo","Figaro"]},{"question":"Quel super-héros parcourt le ciel new-yorkais à la poursuite des malfaiteurs ?","reponses":["Superman","Batman","Cyborg","Flash"]},{"question":"Que chien de fiction est apparu aux côtés d'Hercule, son ennemi intime ?","reponses":["Pif","Scooby-Doo","Idéfix","Bolivar"]},{"question":"Qui a masqué à sa femme les cadavres de ses huit précédentes épouses ?","reponses":["Barbe-Bleue","Perceval","Tom Pouce","Raiponce"]},{"question":"Quel héros de conte de Saint-Exupéry a pour seul ami une rose ?","reponses":["Le petit Prince","Pinocchio","Harry Potter","Chabridou"]},{"question":"Quelle ancienne lavandière a illustré des publicités de marque de machines à laver ?","reponses":["La mère Denis","Mamie Nova","Betty Bossi","Madman Muntz"]},{"question":"Quel architecte a découvert par hasard l'invasion sournoise d'extra-terrestres ?","reponses":["David Vincent","Buck Rogers","Perry Rhodan","Peter Bishop"]},{"question":"Quel célèbre conteuse narre des histoires de voleurs et de marchands de tapis ?","reponses":["Shéhérazade","Tartaro","Poucette","Sur Anne"]},{"question":"Quel héros de Cervantes est surnommé « le chevalier à la Triste Figure » ?","reponses":["Don Quichotte","Gargantua","Huckleberry Finn","Pantagruel"]},{"question":"Quel personnage de BD, créé par Greg en 1963, est amoureux de Virgule de Guillemets ?","reponses":["Achille Talon","Colby","Bernard Prince","Olivier Rameau"]},{"question":"Quel officier de l'US Navy se bat contre Lady X, sa principale ennemie ?","reponses":["Buck Danny","Perry Rhodan","John Casey","Martin Milan"]}]}